Open,High,Low,Close,Adj Close,Volume
29.487499,29.59,29.327499,29.5625,27.724909,192516000
28.577499,28.924999,28.327499,28.897499,27.101248,264536800
28.8475,28.965,28.525,28.620001,26.840998,138248000
28.467501,28.8025,28.362499,28.43,26.662809,151446800
28.4125,28.557501,28.299999,28.385,26.620602,105677600
28.365,28.442499,27.6325,27.872499,26.139961,175303200
27.85,28.0875,27.807501,27.897499,26.163403,113326800
27.745001,27.865,27.387501,27.4575,25.882965,107730400
27.1325,27.5625,27.0275,27.209999,25.649654,123348000
27.52,27.627501,27.365,27.602501,26.019651,130240000
27.577499,27.93,27.424999,27.764999,26.172834,97016800
27.469999,27.83,27.012501,27.719999,26.130411,236705600
27.772499,27.772499,26.4575,26.9475,25.402208,228538000
26.780001,27.217501,26.637501,27.1075,25.553038,136575600
26.9275,26.952499,26.02,26.4275,24.912027,204702000
26.6425,26.92,26.540001,26.7775,25.241961,129058000
26.674999,27.557501,26.65,27.497499,25.920671,235362000
27.452499,27.5875,27.2075,27.487499,25.911243,110528000
27.43,27.635,27.415001,27.514999,25.937166,113715600
27.530001,27.997499,27.502501,27.932501,26.330723,117058400
27.987499,28.105,27.85,27.950001,26.347225,103862000
27.84,27.877501,27.5825,27.807501,26.212894,109705600
27.782499,27.967501,27.737499,27.9475,26.344868,45903600
27.8575,28.1175,27.8475,27.8925,26.29302,108776000
27.695,28.0075,27.5175,27.865,26.267103,114115200
27.9,28.049999,27.567499,27.629999,26.045576,144649200
27.592501,27.735001,27.2575,27.372499,25.802837,148347600
27.2925,27.522499,27.2125,27.475,25.899466,106112000
27.5,27.5075,27.0625,27.2775,25.713291,137298000
27.375,27.59,27.297501,27.487499,25.911243,104782000
27.315001,27.797501,27.290001,27.7575,26.165758,119994800
27.715,28.1075,27.65,28.030001,26.422638,108273200
28.077499,28.674999,28.077499,28.487499,26.853897,137610400
28.3225,28.75,28.122499,28.325001,26.700724,105497600
28.459999,28.98,28.4375,28.797501,27.146126,174935200
28.76,29.049999,28.745001,28.797501,27.146126,136127200
28.844999,29.182501,28.807501,28.955,27.29459,186098000
29.1175,29.125,28.9125,28.9925,27.329943,177404400
28.950001,29.344999,28.9375,29.16,27.487839,111117600
29.184999,29.375,29.17,29.237499,27.560892,85700000
29.200001,29.35,29.195,29.264999,27.586815,95132800
29.0875,29.127501,28.91,29.0725,27.405352,104343600
28.897499,29.129999,28.897499,29.129999,27.459558,56998000
29.129999,29.450001,29.122499,29.315001,27.633947,73187600
29.379999,29.504999,29.049999,29.190001,27.516117,83623600
29.112499,29.2775,29.1,29.182501,27.509047,60158000
29.1625,29.299999,28.8575,28.955,27.29459,122345200
28.950001,29.0825,28.690001,29.0375,27.37236,115127600
28.9625,29.127501,28.9375,29.004999,27.341724,84472400
28.98,29.215,28.952499,29.1525,27.480766,88774400
29.195,29.540001,29.1175,29.477501,27.78713,127007600
29.487499,29.8575,29.485001,29.747499,28.041643,134247600
29.692499,29.844999,29.575001,29.7775,28.069929,97848400
29.684999,29.9825,29.65,29.9375,28.220757,110354400
29.725,29.825001,29.5525,29.8125,28.102922,108344800
29.7775,29.905001,29.702499,29.76,28.053438,104447600
29.584999,30.059999,29.555,30,28.279667,137759200
30,30.125,29.9275,29.997499,28.277311,94852000
29.85,30.022499,29.842501,29.945,28.227818,102389200
30.112499,30.112499,29.932501,30,28.279667,130391600
30,30.202499,29.942499,30.02,28.298523,88200800
29.887501,30.025,29.875,29.9925,28.272598,92844000
30.105,30.525,30.07,30.469999,28.722713,129510400
30.4175,30.610001,30.4,30.485001,28.736856,105350400
30.535,30.5875,30.4,30.487499,28.739214,82251600
30.2325,30.407499,30.165001,30.407499,28.663801,121510000
30.2875,30.3475,30.155001,30.3375,28.597815,196804000
31.7575,32.622501,31.752501,32.1875,30.341726,447940000
31.995001,32.3475,31.945,32.1325,30.289879,134841600
32.077499,32.297501,32.040001,32.27,30.419497,98029200
32.282501,32.625,32.224998,32.572498,30.704641,107383600
32.634998,33.022499,32.612499,32.8825,30.996866,152735200
32.837502,33.055,32.805,33.009998,31.117062,92016400
32.912498,33.112499,32.779999,33.105,31.341906,113399600
33.115002,33.235001,33.012501,33.029999,31.27091,80262000
33.27,33.455002,33.1875,33.322498,31.547827,92141600
33.3675,33.772499,33.3125,33.755001,31.957294,132904800
33.880001,34.067501,33.654999,33.877499,32.073277,142492400
33.9175,33.974998,33.709999,33.837502,32.0354,90338400
33.775002,33.9575,33.775002,33.93,32.122978,88792800
34.057499,34.1875,33.994999,34.174999,32.354923,98028800
34.107498,34.279999,34.0275,34.2775,32.451969,83347600
34.345001,34.369999,34.075001,34.1325,32.314697,83152800
33.977501,34.165001,33.82,34.165001,32.345463,87106400
34.285,34.360001,34.07,34.232498,32.409367,81029600
34.27,34.360001,34.174999,34.247501,32.423565,93931600
34.4725,35.037498,34.400002,34.947498,33.086285,145658400
35,35.07,34.689999,34.740002,32.889835,104844000
34.695,34.9575,34.647499,34.945,33.083916,84432400
34.842499,34.942501,34.650002,34.834999,32.979782,87000000
34.764999,34.994999,34.697498,34.880001,33.022377,69785200
34.737499,34.950001,34.705002,34.75,32.8993,74828800
34.685001,34.697498,34.262501,34.669998,32.823559,88623600
34.8125,34.84,34.66,34.785,32.932442,78451200
34.712502,34.857498,34.705002,34.799999,32.946636,69686800
34.825001,34.912498,34.709999,34.747501,32.896946,61236400
34.852501,35.1875,34.7575,35.115002,33.244862,102767200
35.18,35.255001,35.064999,35.172501,33.299309,76928000
35.25,35.25,34.9725,34.997501,33.133621,175540000
35.099998,35.375,35.057499,35.365002,33.48156,86168000
35.5275,35.700001,34.932499,34.959999,33.098118,158119600
34.962502,35.400002,34.939999,35.355,33.472084,103440800
35.314999,35.395,35.1525,35.23,33.353741,81385200
35.375,35.435001,35.087502,35.16,33.287472,89582400
34.8475,35.305,34.654999,35.220001,33.344269,94300400
35.227501,36.009998,35.154999,35.950001,34.0354,133499200
35.919998,36.122501,35.797501,36.029999,34.11113,116760000
36.047501,36.125,35.875,35.982498,34.066162,84829200
35.93,36.067501,35.752499,35.915001,34.002254,78646800
35.927502,36.029999,35.762501,35.924999,34.011723,79942800
35.8125,36.2225,35.7925,36.192501,34.26498,79565600
36.055,36.365002,35.952499,36.005001,34.08746,110871600
36.072498,36.130001,35.862499,35.915001,34.002254,84596000
35.932499,36.044998,35.817501,35.834999,33.92651,66688800
35.900002,35.970001,35.724998,35.7925,33.88628,75733600
35.735001,35.837502,35.014999,35.407501,33.521793,121517600
35.400002,35.537498,35.252499,35.450001,33.562027,81400000
35.477501,35.595001,35.262501,35.262501,33.38451,71291600
35.369999,35.470001,35.217499,35.4575,33.56913,66328400
35.352501,35.509998,35.2775,35.299999,33.420013,58790000
35.470001,35.5,35.112499,35.169998,33.29694,69313600
35.305,35.73,35.290001,35.610001,33.713501,93278400
35.610001,35.669998,35.462502,35.567501,33.673264,69283600
35.875,35.987499,35.794998,35.91,33.997532,68537200
35.977501,36.224998,35.967499,36.1325,34.208179,75486000
36.1175,36.150002,35.845001,35.919998,34.006989,80164800
35.98,36.040001,35.827499,35.947498,34.033016,56985200
36.022499,36.075001,35.817501,35.912498,33.999889,83441600
36.275002,36.799999,36.240002,36.645,34.693382,134411600
36.884998,37.022499,36.709999,36.877499,34.913494,181408800
36.397499,36.872501,36.067501,36.764999,34.806984,182788000
36.630001,36.785,36.452499,36.6325,34.681549,93487600
36.689999,37.244999,36.689999,37.240002,35.256691,109310800
37.2575,38.424999,37.2575,38.252499,36.215275,195009600
38.467499,38.720001,38.362499,38.497501,36.447224,156521600
38.407501,38.485001,38.0275,38.314999,36.274437,103222800
38.112499,38.517502,38.077499,38.487499,36.58815,109020400
38.674999,39.105,38.6675,39.025002,37.099129,130108000
39.002499,39.162498,38.762501,38.924999,37.004063,104038800
38.985001,39.014999,38.68,38.8675,36.949402,80194000
38.400002,38.642502,37.427502,37.5625,35.708797,203070800
37.817501,38.334999,37.782501,38.134998,36.253044,134272800
38.345001,38.494999,38.157501,38.264999,36.376637,107843200
38.5,38.645,38.227501,38.497501,36.597672,91865600
38.724998,38.724998,38.327499,38.450001,36.552498,79675600
38.459999,38.5425,38.1675,38.334999,36.443176,76712000
38.432499,38.587502,38.2575,38.467499,36.569141,76942400
38.5,38.560001,38.327499,38.4025,36.507351,87710400
38.355,38.607498,38.3325,38.4175,36.52161,80507600
38.4925,38.5425,38.095001,38.189999,36.30534,97804800
38.2925,38.3325,38.055,38.294998,36.405151,65616400
38.395,38.862499,38.2225,38.862499,36.944653,111082800
38.584999,38.612499,38.365002,38.482498,36.583397,101326800
38.474998,38.952499,38.445,38.612499,36.706985,106499600
38.755001,38.994999,38.619999,38.842499,36.925632,84278400
38.8125,38.884998,38.599998,38.747501,36.835327,85003200
38.797501,38.797501,36.505001,37.244999,35.406971,259530800
36.435001,36.522499,35.627499,36.355,34.56089,289229200
36.790001,36.862499,36.287498,36.647499,34.838963,136661600
36.875,36.875,35.959999,36.290001,34.4991,126124800
35.830002,36.119999,35.552502,36.072498,34.292332,128661600
35.945,36.125,35.549999,35.567501,33.812248,201444400
35.915001,36.685001,35.915001,36.584999,34.779537,130165600
36.717499,36.717499,36.235001,36.252499,34.463448,99600400
36.380001,36.517502,36.1525,36.467499,34.667831,85063200
36.442501,36.674999,36.279999,36.407501,34.610809,76425200
36.282501,36.790001,36.2775,36.57,34.765274,141757600
36.7925,37.07,36.345001,36.455002,34.65596,102769600
36.252499,36.540001,35.904999,35.932499,34.159241,99047600
36.122501,36.5275,35.790001,36.4575,34.658325,88329600
36.177502,36.282501,35.57,35.919998,34.147362,125997600
36.112499,36.240002,35.945,36.005001,34.228172,92096400
36.220001,36.325001,35.775002,35.875,34.104572,57111200
35.922501,36.197498,35.68,36.022499,34.244804,86278400
35.755001,35.875,35.602501,35.682499,33.921574,96515200
35.724998,36.1875,35.724998,36.044998,34.266186,76806800
36.0275,36.487499,35.842499,36.264999,34.475327,84362400
36.182499,36.462502,36.095001,36.3825,34.587029,79127200
36.467499,36.544998,36.205002,36.435001,34.636951,99538000
36.375,37.122501,36.360001,36.942501,35.119411,100797600
36.9925,37.3325,36.8325,37.259998,35.42123,80528400
37.205002,37.724998,37.142502,37.389999,35.544811,95174000
37.299999,37.532501,37.1675,37.52,35.668396,71475200
37.619999,37.855,37.487499,37.755001,35.891792,83692000
37.875,37.935001,37.547501,37.584999,35.730186,68974800
37.497501,37.610001,37.220001,37.567501,35.713558,105010400
37.645,38.110001,37.474998,38.022499,36.146091,85972800
37.950001,38.459999,37.950001,38.185001,36.300579,75415600
38.337502,38.482498,38.264999,38.365002,36.471699,63124000
38.4375,38.497501,36.825001,37.639999,35.782478,129905200
37.4725,37.557499,37.297501,37.375,35.530556,68854800
37.474998,37.5825,37.032501,37.182499,35.347553,79383600
37.275002,37.555,37.102501,37.512501,35.661274,141474400
39.82,39.9375,39.040001,39.285,37.346294,279747200
39.262501,39.302502,38.755001,38.892502,36.973175,108389200
39.017502,39.349998,38.922501,39.0975,37.168049,82239600
39.264999,39.73,39.1675,39.702499,37.743187,87481200
39.650002,40.4575,39.567501,40.02,38.045029,144823600
39.814999,40.317501,39.7775,40.264999,38.277939,104526000
39.974998,40,38.657501,38.830002,37.058712,163217200
39.150002,39.642502,39.017502,39.369999,37.574081,105028400
39.830002,40.052502,39.6875,39.962502,38.139553,88490800
40.165001,40.549999,40.035,40.400002,38.557091,117862000
40.485001,40.627499,40.037498,40.237499,38.402012,110686400
40.130001,40.177502,39.459999,39.465,37.664745,111762400
39.465,39.875,39.18,39.375,37.57885,109712400
39.375,39.4725,38.7775,39.302502,37.509663,105474000
39.557499,40,39.505001,39.945,38.122852,86418400
39.767502,40.1175,39.720001,39.994999,38.170567,77596400
40.107498,40.185001,39.637501,39.817501,38.001167,79275600
39.912498,40.139999,39.817501,39.965,38.141937,101920400
40.035,40.5,39.982498,40.3675,38.526073,103864000
40.025002,40.779999,40,40.727501,38.869652,118067600
40.950001,40.9725,40.6525,40.837502,38.97464,109078400
40.91,41.130001,40.869999,41,39.129723,107140400
41.200001,41.235001,40.907501,41.012501,39.141647,66364400
40.9375,41.0625,40.139999,40.52,38.671623,117874000
40.677502,40.747501,40.130001,40.477501,38.63105,86606800
40.522499,40.560001,40.09,40.314999,38.475975,87714000
40.215,40.287498,39.6325,39.657501,37.848457,114446000
40.125,40.512501,39.9725,40.375,38.533234,126323200
40.6525,40.990002,39.692501,40.215,38.380535,286856000
39.967499,39.990002,39.477501,39.912498,38.091831,179629600
39.747501,39.849998,39.522499,39.57,37.76495,95042800
39.6175,40.2425,39.5,39.970001,38.146706,196458400
40.0275,40.125,39.5,39.6675,37.858009,113077600
39.877499,39.942501,39.610001,39.682499,37.872326,83242400
39.474998,39.564999,38.4575,39.017502,37.237656,211805600
38.950001,38.950001,38.1875,38.3475,36.598228,150046800
37.884998,38.067501,37.639999,37.9725,36.240322,186581600
37.497501,37.9575,37.290001,37.637501,35.920609,177549200
37.945,38.48,37.922501,38.285,36.538567,146640000
38.450001,38.68,38.384998,38.557499,36.798645,102016800
38.4725,38.57,38.174999,38.32,36.571972,88022000
38.302502,38.532501,38,38.529999,36.772392,105199200
38.564999,38.612499,38.18,38.452499,36.698425,74795200
38.502499,38.772499,38.477501,38.619999,36.858303,64921200
38.407501,38.465,38.115002,38.369999,36.61969,80655200
38.544998,38.860001,38.512501,38.8475,37.07542,85135200
38.7425,38.872501,38.639999,38.825001,37.053944,69630400
38.952499,39.182499,38.872501,38.959999,37.182777,65051600
39.014999,39.5,38.775002,38.974998,37.197094,62468000
38.9925,39.244999,38.9375,39.137501,37.352184,67622400
39.087502,39.342499,38.932499,39,37.220963,64500400
39.182499,39.32,39.102501,39.247501,37.457165,65576800
39.474998,40,39.412498,39.970001,38.146706,96486000
39.945,40.217499,39.807499,40.1175,38.287479,75989200
40.105,40.177502,39.900002,39.939999,38.118073,65496800
39.1875,39.27,38.755001,38.994999,37.216179,170336800
39.1525,39.4375,38.990002,39.0625,37.280605,95896400
39.2225,39.422501,38.875,39.0425,37.261513,87937200
39.072498,39.355,39.049999,39.275002,37.483402,71028800
39.227501,39.387501,38.817501,39.102501,37.318787,84828400
39.307499,39.4575,39.195,39.352501,37.557377,68002000
39.822498,40.900002,39.674999,40.762501,38.903061,177816800
40.9725,42.017502,40.93,41.68,39.778702,178803200
41.974998,42.412498,41.735001,42.259998,40.332241,144187200
42.467499,42.485001,41.4025,41.7225,39.81926,134551200
41.650002,42.125,41.32,42.0275,40.110352,165573600
43.5,43.564999,42.779999,43.125,41.157791,237594400
43.092499,43.747501,42.93,43.5625,41.575329,140105200
43.477501,43.8125,43.400002,43.702499,41.708942,97446000
43.665001,44.060001,43.5825,44.060001,42.050137,97638000
43.7775,44.025002,43.285,43.970001,41.964241,117930400
43.7775,43.845001,43.567501,43.6675,41.825356,100582000
43.375,43.625,43.349998,43.4925,41.657749,67928400
43.259998,43.369999,42.794998,42.834999,41.027988,99130000
42.4925,42.580002,42.095001,42.27,40.486813,116632400
42.794998,42.967499,42.575001,42.775002,40.970509,94550000
42.759998,42.8475,42.41,42.537498,40.743027,87598000
42.572498,42.639999,42.389999,42.494999,40.70232,65049600
42.695,43.424999,42.695,43.285,41.458996,100525200
43.34,43.75,43.262501,43.740002,41.894806,102355600
43.775002,43.875,43.662498,43.7425,41.89719,56106800
43.762501,43.77,43.334999,43.522499,41.686485,82867200
43.575001,43.717499,42.965,43.267502,41.442242,105715200
43.157501,43.23,41.790001,42.369999,40.5826,166665600
42.607498,43.035,42.110001,42.962502,41.150105,166108800
42.487499,42.9175,42.125,42.762501,40.958542,159037200
43.119999,43.154999,42.407501,42.450001,40.659218,130169600
42.264999,42.880001,42.099998,42.41,40.620907,109400800
41.875,42.549999,41.615002,42.252499,40.470047,114240000
42.2575,42.610001,42.227501,42.330002,40.544289,102693200
42.622501,42.75,42.205002,42.342499,40.556259,93420800
42.299999,43.2225,42.197498,43.1675,41.346455,141095200
43.037498,43.0975,42.865002,42.924999,41.114182,77636800
43.125,43.384998,43,43.067501,41.250668,95273600
43.099998,43.282501,42.912498,43.055,41.238697,81906000
43.407501,43.5425,43.115002,43.4925,41.657749,160677200
43.720001,44.299999,43.715,44.105,42.244411,117684400
43.7575,43.8475,43.522499,43.634998,41.794228,109745600
43.717499,43.855,43.3125,43.587502,41.748737,93902400
43.5425,44.005001,43.525002,43.752499,41.906769,83799600
43.669998,43.855,43.625,43.752499,41.906769,65397600
42.700001,42.8675,42.419998,42.642502,40.843601,132742000
42.525002,42.695,42.427502,42.650002,40.850784,85992800
42.75,42.962502,42.619999,42.77,40.965721,65920800
42.630001,42.647499,42.305,42.307499,40.522728,103999600
42.540001,43.075001,42.314999,43.064999,41.248272,102223600
43.1325,43.637501,42.990002,43.057499,41.241093,118071600
43.134998,43.3675,43.02,43.2575,41.432663,89738400
43.360001,43.842499,43.262501,43.75,41.904381,94640000
43.587502,43.9025,43.482498,43.587502,41.748737,82271200
43.637501,43.764999,43.352501,43.5825,41.743942,86336000
43.290001,43.575001,43.25,43.572498,41.734367,95839600
43.647499,43.872501,43.622501,43.82,41.971432,74670800
44.044998,44.34,43.912498,44.272499,42.404839,101672400
44.474998,44.8475,44.035,44.047501,42.189331,118263600
44.037498,44.8125,43.767502,44.775002,42.886135,137547200
44.842499,45.025002,44.5625,44.814999,42.924454,124773600
44.6525,44.895,44.352501,44.615002,42.732891,129700400
44.325001,44.445,44.150002,44.25,42.383286,108434400
44.325001,44.860001,44.205002,44.259998,42.392853,130756400
44.3125,44.325001,43.299999,43.555,41.717606,204420400
43.627499,43.737499,42.6325,42.7775,40.972908,166116000
43,43,42.514999,42.877499,41.068687,156572000
42.540001,42.540001,41.767502,41.990002,40.218628,202561600
41.3825,41.842499,41.174999,41.7425,39.98156,184192800
41.717499,42.110001,41.625,41.857498,40.091713,129915600
41.7925,42.154999,41.689999,41.945,40.175522,188923200
41.5,41.700001,40.025002,40.125,38.432304,346375200
39.775002,40.970001,39,39.122501,37.472095,290954000
38.7075,40.93,38.5,40.7575,39.038116,272975200
40.772499,40.849998,39.767502,39.884998,38.202423,206434400
40.072498,40.25,38.7575,38.787498,37.151226,217562000
39.267502,39.4725,37.560001,39.102501,37.605644,282690400
39.625,40.9725,39.377499,40.677502,39.120342,243278000
40.487499,41.1875,40.412498,41.084999,39.512241,130196800
40.759998,41.884998,40.720001,41.842499,40.240746,162579600
42.447498,43.272499,42.25,43.247501,41.591965,204588800
43.09,43.705002,42.942501,43.107498,41.457317,160704400
43.012501,43.564999,42.855,42.962502,41.317879,135722000
43.2075,43.529999,42.752499,42.767502,41.130341,149886400
42.950001,43.487499,42.927502,43.125,41.474155,123967600
43.4175,43.912498,43.384998,43.875,42.195442,135249600
44.087502,44.8475,44.052502,44.7425,43.029728,152648800
44.775002,45.119999,44.540001,44.5975,42.890289,155712400
44.814999,45.154999,44.512501,44.529999,42.825359,151128400
44.634998,44.945,43.165001,43.75,42.075226,195208000
43.200001,44.075001,43.112499,44.052502,42.36615,153816000
43.802502,44.435001,43.630001,44.205002,42.51281,113605600
44.477501,44.5625,44.032501,44.1675,42.476742,95154000
43.735001,43.962502,43.567501,43.7575,42.082432,126814000
43.869999,44.279999,43.767502,44.235001,42.541664,95096400
44.490002,45,44.3475,44.994999,43.272572,128740800
45.072498,45.5975,45.052502,45.43,43.690918,128828400
45.647499,45.875,44.810001,44.9925,43.270164,126774000
45.080002,45.130001,44.452499,44.610001,42.902306,117473600
44.625,45.060001,44.517502,44.662498,42.952797,90975200
44.662498,44.779999,44.404999,44.505001,42.801331,157618800
44.330002,44.3675,43.415001,43.825001,42.147366,133787200
43.810001,44.200001,43.735001,43.810001,42.132938,78597600
43.759998,43.772499,42.814999,42.817501,41.178421,148219600
42.5,43.169998,42.150002,42.212502,40.596592,165963200
42.0975,42.48,41.235001,41.235001,39.656502,164115200
42.017502,43.275002,41.610001,43.192501,41.53907,150164800
43.419998,43.787498,41.73,42.084999,40.473969,163690400
41.8125,42.505001,41.297501,41.619999,40.026775,166674000
41.952499,42.9375,41.724998,41.945,40.339321,153594000
41.66,42.235001,41.1175,41.669998,40.074848,150347200
41.91,42.1875,41.220001,42.0975,40.485992,121112000
41.220001,43.002499,41.192501,42.9025,41.260174,138422000
43.145,43.557499,43.02,43.200001,41.546284,107732800
42.7425,43.119999,42.049999,42.095001,40.483589,140021200
42.470001,43.272499,42.462502,42.512501,40.885105,116070800
43.25,43.5,42.8825,43.3125,41.654476,113634400
43.057499,43.48,42.924999,43.110001,41.459728,89726400
43.352501,43.75,43.259998,43.535,41.868454,91557200
43.695,43.959999,43.462502,43.682499,42.010315,100497200
43.7575,44.047501,43.7075,43.955002,42.272388,86313600
44.122501,44.735001,44.102501,44.560001,42.854225,106421600
44.452499,44.705002,44.220001,44.459999,42.758053,83018000
43.439999,43.8475,43.165001,43.200001,41.546284,139235200
42.650002,42.805,41.357498,41.43,39.84404,261964400
41.7075,41.73,41.022499,41.310001,39.728638,146062000
41.4175,41.5825,40.305,40.735001,39.175644,134768000
40.654999,41.355,40.602501,40.912498,39.346344,113528400
41.029999,41.432499,40.842499,41.055,39.483391,111852000
41,41.0825,40.157501,40.580002,39.026577,142623200
40.532501,41.814999,40.459999,41.314999,39.733444,169709600
41.602501,42.299999,41.317501,42.275002,40.656696,214277600
43.807499,44.4375,43.450001,44.142502,42.452705,266157600
43.970001,44.375,43.610001,44.2225,42.529648,136272800
44.5625,46.0625,44.5425,45.9575,44.198227,224805200
46.294998,46.9175,46.1875,46.290001,44.518013,169805600
46.247501,46.555,45.9175,46.512501,44.731983,113611200
46.637501,46.849998,46.305,46.84,45.046944,92844800
46.935001,47.592499,46.912498,47.509998,45.691292,111957200
47.372501,47.514999,46.862499,47.147499,45.517521,104848800
47.252499,47.3825,46.965,47.037498,45.411324,83115200
46.695,46.767502,46.275002,46.610001,44.998604,94780800
46.517502,47.115002,46.5,47.044998,45.418556,76732400
47,47.227501,46.59,46.747501,45.13134,69176000
46.797501,46.952499,46.532501,46.577499,44.967224,73190800
47,47.317501,46.727501,46.907501,45.285812,73603200
47.095001,47.220001,46.695,46.790001,45.172379,60962800
46.587502,47.125,46.439999,47.09,45.462013,80233600
47.192501,47.209999,46.552502,47.037498,45.411324,92936000
47.057499,47.412498,46.912498,47.145,45.51511,69844000
46.900002,47.1875,46.717499,46.974998,45.350975,90056400
46.93,47,46.695,46.875,45.254444,74762000
46.805,47.057499,46.535,46.717499,45.102386,109931200
46.997501,47.564999,46.9375,47.560001,45.915749,93770000
47.91,48.355,47.837502,47.9575,46.299515,105064800
48.267502,48.485001,48.09,48.327499,46.656723,86264000
48.407501,48.52,47.98,48.494999,46.818424,83734400
48.535,48.549999,48.084999,48.365002,46.692932,85388800
47.7925,48,47.442501,47.924999,46.268135,106627200
47.837502,47.9925,47.552502,47.807499,46.154705,73234000
47.8475,48.1525,47.787498,48.07,46.408123,67644400
48.105,48.220001,47.610001,47.674999,46.026783,86553600
47.887501,47.892502,47.555,47.700001,46.050919,86440400
47.5075,47.540001,47.064999,47.209999,45.577847,246876800
46.970001,47.305,46.799999,47.185001,45.553722,73939600
46.285,46.5825,45.862499,46.422501,44.817581,134314000
46.587502,46.799999,46.432499,46.625,45.013069,82514800
46.8125,47.087502,46.235001,46.365002,44.762074,102847600
46.529999,46.537498,46.174999,46.23,44.631741,108801600
45.849998,46.23,45.182499,45.5425,43.967991,126652400
45.747501,46.6325,45.634998,46.107498,44.513466,98276800
46.307499,46.82,46.0075,46.040001,44.448303,101141200
46.025002,46.552502,45.950001,46.375,44.771717,69460800
46.572498,46.797501,45.727501,46.2775,44.677589,90950800
45.955002,46.825001,45.855,46.794998,45.177208,70925200
46.947498,46.987499,45.884998,45.98,44.390381,55819200
46.314999,46.602501,46.07,46.349998,44.747585,66416800
46.355,47.107498,46.299999,46.9925,45.367882,69940800
47.375,47.669998,47.325001,47.645,45.997818,79026400
47.677502,47.82,47.544998,47.587502,45.942303,63756400
47.125,47.445,46.9025,46.970001,45.346153,75326000
47.3825,47.852501,47.327499,47.7575,46.10643,72164400
47.77,47.959999,47.724998,47.8325,46.178833,50055600
47.880001,48.162498,47.605,47.727501,46.077469,60172400
47.4375,47.967499,47.299999,47.862499,46.207798,62138000
47.945,47.950001,47.482498,47.599998,45.954369,65573600
47.422501,48.137501,47.422501,47.970001,46.311581,81147200
47.945,48.107498,47.5425,47.860001,46.205387,82704800
47.669998,47.990002,47.389999,47.9025,46.246418,63957600
48.112499,48.415001,48.012501,48.25,46.581902,74791600
48.264999,48.712502,48.107498,48.705002,47.021179,66839600
48.6525,48.990002,48.4025,48.552502,46.87394,76304000
48.747501,48.797501,47.525002,47.744999,46.094357,96096000
47.974998,48.049999,47.267502,47.477501,45.836109,84118000
47.575001,48.035,47.334999,47.572498,45.927826,157492000
49.782501,50.439999,49.327499,50.375,48.633434,271742800
50.145,52.095001,50.087502,51.8475,50.055031,249616000
51.7575,52.185001,51.369999,51.997501,50.199841,133789600
52,52.3125,51.767502,52.267502,50.460503,101701600
52.330002,52.375,51.689999,51.7775,49.987457,102349600
51.512501,51.952499,51.130001,51.8125,50.021233,90102000
52.3825,52.445,51.799999,52.220001,50.414654,93970400
51.84,52.275002,51.6675,51.8825,50.264488,98444800
52.327499,52.737499,51.924999,52.217499,50.589031,103563600
52.540001,52.639999,52.064999,52.4375,50.802174,82992000
52.305,52.685001,52.0825,52.560001,50.920853,115230400
52.9375,53.452499,52.8675,53.330002,51.666843,114001600
53.360001,54.487499,53.290001,54.395,52.698631,141708000
54.525002,54.794998,53.7775,53.865002,52.185158,121150800
54.200001,54.297501,53.5075,53.759998,52.083427,104639200
53.525002,54.09,53.459999,53.762501,52.085854,76072400
53.662498,54.262501,53.650002,53.872501,52.192429,75532800
54.150002,54.224998,53.7775,54.040001,52.354698,73905600
54.287498,54.685001,54.0825,54.485001,52.785831,82100400
54.752499,55.134998,54.73,54.924999,53.212101,91107200
55.037498,55.872501,54.852501,55.744999,54.006523,109019200
55.8125,57.064999,55.599998,56.2575,54.503048,195175200
56.627499,57.217499,56.5,56.907501,55.132771,173360400
57.102501,57.294998,56.657501,57.09,55.309589,109560400
57.247501,57.4175,56.275002,56.717499,54.948696,133332000
56.557499,56.837502,55.325001,55.775002,54.035599,137160000
55.462502,56.342499,55.177502,55.325001,53.599628,150479200
55.237499,55.462502,54.1175,54.5825,52.880287,158066000
54.502499,56.075001,54.139999,55.962502,54.217243,142996000
56.235001,56.25,54.959999,55.267502,53.543919,197114800
55.880001,57.087502,55.642502,56.602501,54.837284,166825600
56.4375,56.709999,55.630001,55.959999,54.214817,127997200
55.537498,55.737499,54.317501,54.470001,52.77129,148780400
54.447498,55.462502,54.279999,54.560001,52.85849,126286800
54.625,54.904999,53.825001,54.592499,52.889973,108495200
55.060001,55.57,54.787498,55.0075,53.29203,106435200
55.195,55.34,54.322498,54.415001,52.718002,384986800
54.205002,55.314999,54.157501,55.197498,53.476105,110773600
54.9375,55.705002,54.924999,55.547501,53.815189,98217600
55.25,55.9375,54.939999,55.105,53.386482,95938800
55.955002,56.610001,55.884998,56.237499,54.483673,120724800
56.197498,56.459999,56.005001,56.435001,54.675014,91717600
56.987499,57.355,56.587502,56.814999,55.043163,94403200
56.8125,57.5,56.657501,57.32,55.532413,99152800
57.512501,58.3675,57.445,58.017502,56.20816,114619200
57.695,58.087502,56.682499,56.997501,55.219975,128168000
56.990002,57.102501,55.145,56.072498,54.323818,134322000
55.552502,56.200001,55.049999,55.942501,54.197868,118655600
55.91,56.817501,55.5625,56.717499,54.948696,107564000
56.365002,56.587502,54.012501,54.09,52.403149,167962400
53.630001,54.875,53.080002,53.612499,51.940529,212497600
55.105,55.720001,54.209999,55.5275,53.795818,161351600
55.290001,55.4575,54.317501,54.34,52.645348,123164000
54.732498,55.747501,54.189999,55.537498,53.8055,116736000
55.575001,55.66,54.834999,55.297501,53.572987,91541600
54.465,54.935001,53.25,54.005001,52.320793,130325200
54.514999,55.314999,54.357498,54.827499,53.117649,132314800
54.947498,55.84,54.735001,55.162498,53.442188,115168400
53.9575,55.8125,53.674999,55.682499,53.945976,155071200
55.650002,56.057499,53.634998,53.772499,52.095543,163702000
54.427502,55.345001,54.1875,54.950001,53.23632,119423200
53.974998,55.047501,53.1675,54.075001,52.388611,189033600
54.797501,54.922501,51.522499,53.060001,51.405262,183742000
52.787498,53.794998,52.317501,53.325001,51.661995,146640000
54.220001,55.112499,54.154999,54.715,53.008652,153435600
54.762501,55.59,54.202499,55.555,53.822456,233292800
52.387501,53.412498,51.357498,51.869999,50.252377,365314800
51.075001,51.0975,49.5425,50.397499,48.825802,264654800
50.48,51.18,50.422501,50.942501,49.353798,127531600
51.4925,52.514999,51.032501,52.487499,50.850624,133697600
52.494999,52.529999,51.6875,52.122501,50.673191,101450400
51.387501,51.502499,50.5625,51.1175,49.696136,137463200
49.75,49.962502,48.447498,48.5425,47.192734,204542000
47.907501,49.294998,47.862499,48.057499,46.721226,187531600
48.474998,48.619999,46.482498,46.700001,45.401478,243204000
47.0975,47.9925,46.724998,47.852501,46.521919,185915200
47.625,48.7425,47.365002,48.3825,47.037189,147713200
47.5,47.674999,46.247501,46.465,45.173008,167701200
44.592499,45.3675,43.877499,44.244999,43.014729,271300800
44.932499,45.067501,44.137501,44.195,42.966122,124496800
43.735001,44.150002,43.025002,43.072498,41.87484,94496000
43.560001,43.737499,42.564999,43.654999,42.441135,179994000
42.877499,43.692501,42.720001,43.560001,42.348778,165549600
44.182499,45.322498,43.732498,45.235001,43.9772,184250000
45.665001,45.700001,44.424999,44.887501,43.63937,167080000
45.072498,45.0825,44.2575,44.645,43.403614,158126000
46.115002,46.235001,45.302502,46.205002,44.920242,163210000
45.237499,45.5975,44.067501,44.172501,42.944244,165377200
42.939999,43.695,42.605,43.68,42.465439,172393600
43.372501,43.622501,42.075001,42.122501,40.951252,169126400
41.25,42.522499,40.8325,42.400002,41.221039,248104000
42.915001,42.947498,41.75,42.157501,40.985283,189126800
42.599998,42.98,42.255001,42.275002,41.099506,142510800
42.622501,43.142502,42.387501,42.737499,41.549152,127594400
42.25,42.27,41.32,41.369999,40.219673,162814800
41.362499,42.087502,40.682499,40.985001,39.845375,177151600
41.345001,41.8825,41.0975,41.517502,40.363075,135366000
41.5,41.862499,39.772499,40.2225,39.104084,196189200
40.099998,40.5275,38.825001,39.2075,38.11731,259092000
39.215,39.540001,37.407501,37.682499,36.634705,382978400
37.037498,37.887501,36.647499,36.7075,35.686817,148676800
37.075001,39.307499,36.68,39.2925,38.19994,234330000
38.959999,39.192501,37.517502,39.037498,37.952026,212468400
39.375,39.630001,38.637501,39.057499,37.971474,169165600
39.6325,39.84,39.119999,39.435001,38.338486,140014000
38.7225,39.712502,38.557499,39.48,38.382217,148158800
35.994999,36.43,35.5,35.547501,34.559078,365248800
36.1325,37.137501,35.950001,37.064999,36.034374,234428400
37.174999,37.2075,36.474998,36.982498,35.95417,219111200
37.389999,37.955002,37.130001,37.6875,36.639568,164101200
37.822498,38.6325,37.407501,38.327499,37.261772,180396400
38.125,38.4925,37.715,38.450001,37.380863,143122800
38.220001,38.424999,37.877499,38.072498,37.013859,108092800
37.712502,37.817501,37.305,37.5,36.457294,129756800
37.567501,38.3475,37.512501,38.267502,37.203445,114843600
38.27,38.970001,38.25,38.735001,37.657948,122278800
38.549999,39.415001,38.314999,38.965,37.881542,119284800
39.375,39.470001,38.994999,39.205002,38.114876,135004000
39.102501,39.182499,38.154999,38.325001,37.259346,121576000
38.537498,38.785,37.924999,38.48,37.41003,92522400
38.5275,38.619999,37.935001,38.174999,37.11351,101766000
38.869999,39.532501,38.580002,39.439999,38.343338,134142000
38.947498,39.0825,38.415001,39.075001,37.988491,104768400
39.0625,39.532501,38.5275,38.669998,37.594742,166348800
40.8125,41.537498,40.057499,41.3125,40.163773,244439200
41.5275,42.25,41.139999,41.610001,40.453003,162958400
41.740002,42.244999,41.482498,41.630001,40.472443,130672400
41.852501,42.915001,41.82,42.8125,41.622063,125982000
43.215,43.77,43.087502,43.544998,42.334194,144406400
43.662498,43.892502,43.212502,43.560001,42.348778,112958400
43.099998,43.485001,42.584999,42.735001,41.546722,126966800
42.247501,42.665001,42.105,42.602501,41.595535,95280000
42.762501,42.802502,42.3125,42.357498,41.356323,83973600
42.525002,42.75,42.424999,42.7225,41.712711,89134000
42.8475,43.119999,42.48,42.544998,41.539391,89960800
42.427502,42.814999,42.345001,42.700001,41.690735,87342800
42.8125,42.924999,42.4375,42.605,41.597977,98507200
42.427502,42.860001,42.372501,42.732498,41.722469,75891200
42.797501,43.330002,42.747501,43.0075,41.990967,104457600
42.950001,43.092499,42.575001,42.764999,41.754196,68998800
42.895,43.25,42.845001,43.2425,42.220409,75652800
43.540001,43.967499,43.487499,43.557499,42.527966,87493600
43.427502,43.825001,43.2925,43.5825,42.552372,68280800
43.302502,43.75,43.182499,43.717499,42.684181,111341600
43.580002,43.727501,43.23,43.287498,42.264351,112861600
43.57,43.787498,43.2225,43.7425,42.708591,103544800
43.922501,44.4375,43.4925,43.962502,42.923386,109744800
43.985001,44,43.634998,43.8825,42.845287,78949600
43.6675,43.872501,43.485001,43.630001,42.598751,83241600
43.467499,43.610001,43.005001,43.125,42.10569,99185600
42.580002,43.267502,42.375,43.227501,42.205765,95997600
43.872501,44.779999,43.837502,44.724998,43.667873,128044000
45,45.6675,44.842499,45.227501,44.158493,129870400
45.5625,45.825001,45.23,45.427502,44.353764,124130000
45.974998,46.025002,45.639999,45.932499,44.846825,94318000
46.212502,46.8325,45.935001,46.529999,45.430206,156171600
46.450001,47.0975,46.447498,47.005001,45.893978,104879200
47.087502,47.247501,46.48,46.6325,45.530281,126585600
46.557499,47.372501,46.182499,47.040001,45.928154,124140800
47.505001,49.0825,47.452499,48.772499,47.619698,204136800
48.834999,49.422501,47.695,47.762501,46.633575,169630800
47.877499,47.994999,46.650002,47.185001,46.069725,175381200
47.915001,48.220001,46.145,46.697498,45.593754,199202000
47.1875,47.439999,46.637501,47.1175,46.003822,119393600
47.237499,47.389999,46.8825,47.18,46.064842,83121600
47.4575,47.52,47.134998,47.487499,46.365074,94256000
47.91,47.919998,47.095001,47.810001,46.679951,111448000
47.772499,48.615002,47.762501,48.505001,47.358521,91062800
48.3125,49.125,48.287498,48.837502,47.683167,93087200
48.697498,49.092499,48.285,48.922501,47.766163,76457200
49.112499,49.275002,48.982498,49.25,48.085918,74106400
49.105,50.057499,49.084999,50.025002,48.842598,103526800
50.080002,50.712502,49.807499,49.875,48.696144,143072800
49.669998,50.185001,49.544998,50.154999,48.969524,86781200
50.212502,50.25,49.610001,49.737499,48.56189,83603200
49.799999,50.035,49.052502,49.717499,48.542362,111042800
49.645,49.962502,49.502499,49.807499,48.630234,70146400
49.865002,50.342499,49.639999,49.8125,48.63512,102785600
49.884998,50.845001,49.6525,50.782501,49.582203,115627200
50.779999,51.037498,50.630001,50.965,49.760384,96783200
50.7075,51.235001,50.584999,51.1325,49.923923,77758000
51.107498,51.9375,50.974998,51.869999,50.64399,93292000
51.84,52.119999,51.762501,51.790001,50.565887,70162400
51.7075,51.939999,51.279999,51.32,50.106983,74172800
51.224998,51.25,50.529999,51.075001,49.867779,74596400
51.099998,51.4925,50.965,51.1525,49.943447,88818800
50.764999,50.849998,49.7775,50.1675,48.981728,186139600
52.470001,53.827499,52.307499,52.630001,51.386024,259309200
52.459999,53.162498,52.032501,52.287498,51.051617,127985200
52.7225,52.959999,52.557499,52.9375,51.68626,83569600
51.072498,52.209999,50.875,52.119999,50.888077,129772400
51.470001,51.855,50.2075,50.715,49.516289,155054800
50.474998,51.334999,50.4375,50.724998,49.526051,105358000
50.099998,50.419998,49.165001,50.18,48.993935,139634400
49.355,49.712502,48.192501,49.294998,48.315201,164834800
46.927502,47.369999,45.712502,46.43,45.507145,229722400
46.602501,47.424999,46.352501,47.165001,46.227535,146118800
46.567501,47.9375,46.505001,47.73,46.781303,106178800
47.477501,48.1175,47.209999,47.52,46.575481,132125600
46.732498,47.724998,46.689999,47.25,46.310848,131516400
45.880001,46.087502,45.07,45.772499,44.862717,154449200
46.305,47,46.174999,46.650002,45.722778,113459200
46.165001,46.427502,45.637501,45.695,44.786755,118994400
44.950001,45.134998,44.452499,44.915001,44.022259,146118800
45.049999,45.535,44.654999,44.7425,43.853188,94858800
44.73,45.147499,44.477501,44.557499,43.67186,111792800
44.105,44.837502,44,44.345001,43.463589,113924800
44.487499,44.807499,44.1675,44.575001,43.689018,84873600
44.057499,44.497501,43.747501,43.767502,42.897568,108174400
43.900002,44.48,42.567501,43.325001,42.46386,161584400
43.860001,44.9575,43.630001,44.91,44.017365,123872000
46.07,46.247501,45.285,45.634998,44.727943,119093600
45.77,46.3675,45.537498,46.305,45.384624,90105200
46.627499,47.98,46.442501,47.537498,46.592632,122737600
47.952499,48.842499,47.904999,48.145,47.188053,104883600
48.715,49,48.400002,48.702499,47.734474,107731600
48.487499,48.9925,48.3475,48.547501,47.582554,73012800
48.674999,49.197498,48.400002,48.537498,47.572758,86698400
47.887501,48.397499,47.575001,48.185001,47.227261,75046000
48.224998,48.740002,48.0425,48.4725,47.509041,58676400
49.012501,50.072498,48.802502,49.612499,48.626389,106204000
49.919998,49.970001,49.327499,49.467499,48.484268,84496800
50.092499,50.1525,49.5075,49.865002,48.873871,86056000
49.700001,50.212502,49.537498,49.695,48.707253,191202400
49.634998,50.040001,49.5425,49.645,48.658245,72881600
49.607498,49.814999,48.822498,48.892502,47.9207,84281200
49.442501,50.247501,49.337502,49.950001,48.957188,104270000
50.072498,50.392502,49.892502,49.935001,48.942482,83598800
49.669998,49.875,49.262501,49.48,48.496525,124442400
50.7925,51.122501,50.162498,50.387501,49.385994,109012000
50.352501,50.782501,50.34,50.682499,49.675117,67740800
50.82,51.110001,50.672501,51.102501,50.086777,45448000
50.837502,51.27,50.724998,51.057499,50.042667,69062000
50.202499,50.349998,49.602501,50.005001,49.011089,101354400
49.799999,50.377499,49.702499,50.310001,49.310032,82312000
50.462502,50.932499,50.389999,50.807499,49.797634,71588400
50.827499,51.0975,50.427502,50.4375,49.43499,80767200
50.612499,51,50.549999,50.825001,49.814789,70380800
51.022499,51.467499,51,51.302502,50.282806,67789600
51.147499,51.5275,50.875,51.125,50.108826,67467200
51.012501,51.272499,50.817501,50.837502,49.827038,56430000
51,51.470001,50.924999,51.415001,50.393066,74162400
51.447498,51.625,50.59,50.647499,49.64082,83717200
50.912498,51.807499,50.9025,51.805,50.775311,89111600
52.115002,52.227501,51.822498,52.209999,51.17226,73420800
51.9175,52.287498,51.7925,52.1675,51.130608,59966400
52.2225,52.310001,51.682499,51.755001,50.726307,55638400
51.869999,52.432499,51.785,51.935001,50.902725,70475600
52.115002,52.66,52.110001,52.419998,51.378078,86693600
52.189999,52.540001,51.827499,52.195,51.157558,135742800
54.105,55.342499,52.825001,53.259998,52.201389,277125600
53.474998,54.5075,51.685001,52.107498,51.071796,216071600
51.3825,51.607498,50.407501,51.005001,49.991215,163448400
49.497501,49.662498,48.145,48.334999,47.374283,209572000
49.077499,49.517502,48.509998,49.25,48.271091,143299200
48.852501,49.889999,48.455002,49.759998,48.77095,133457600
50.049999,50.8825,49.8475,50.857498,49.846638,108038000
50.325001,50.689999,49.822498,50.247501,49.435886,98478800
49.904999,50.512501,49.787498,50.119999,49.310452,89927600
50.255001,53.035,50.119999,52.2425,51.398663,188874000
50.790001,51.610001,50.647499,50.6875,49.868778,146189600
50.865002,51.285,49.9175,50.435001,49.620361,108909600
51.07,51.790001,50.959999,51.625,50.791138,110481600
52.654999,53.182499,52.5075,52.587502,51.738087,97654400
52.720001,53.337502,52.580002,52.59,51.740547,107537200
53.247501,53.412498,52.900002,53.16,52.301338,86141600
53.297501,53.610001,52.6875,53.115002,52.257076,89014800
52.357498,53.012501,50.25,50.66,49.841724,187272000
51.465,51.797501,51.264999,51.622501,50.788685,104174400
51.965,52.137501,50.8825,51.040001,50.215588,103493200
51.025002,51.43,50.830002,51.3825,50.552551,63755200
52.125,52.330002,51.665001,52.252499,51.408497,83962000
52.540001,52.612499,51.799999,52.185001,51.342094,84573600
51.607498,51.744999,51.055,51.424999,50.594372,80092000
52.0975,52.369999,51.830002,52.297501,51.452774,76752400
53,53.4925,52.877499,53.32,52.458763,95654800
53.512501,53.605,53.127499,53.314999,52.453838,77449200
53.709999,54.110001,52.767502,53.5425,52.677666,109237600
53.465,54.195,52.927502,54.174999,53.299942,127111600
54.517502,55.927502,54.432499,55.897499,54.994621,177158400
56.200001,56.605,55.715,55.772499,54.871647,128906800
55,55.197498,54.255001,54.6875,53.804173,159053200
54.432499,55.032501,54.389999,54.974998,54.087025,84632400
54.990002,55.205002,54.779999,55.174999,54.283798,73274800
55.264999,55.712502,54.860001,55.692501,54.792934,101360000
55.502499,55.939999,55.092499,55.240002,54.347744,88242400
55.345001,55.639999,54.3675,54.432499,53.553291,221652400
54.737499,54.959999,54.412498,54.68,53.796795,76662000
55.2575,55.622501,54.297501,54.419998,53.540993,124763200
54.637501,55.375,54.285,55.2575,54.364964,87613600
55,55.235001,54.7075,54.9725,54.084568,75334000
55.134998,55.240002,54.32,54.705002,53.821388,101408000
55.224998,56.145,55.197498,55.9925,55.088089,103909600
56.267502,57.055,56.049999,56.147499,55.240582,139223200
55.764999,55.895,54.482498,54.740002,53.855824,138449200
54.607498,55.240002,53.782501,55.205002,54.313309,114426000
56.41,56.872501,55.9725,56.752499,55.835812,138478800
56.567501,57.482498,56.459999,56.764999,55.84811,122306000
56.455002,57.014999,56.0825,56.099998,55.193851,111820000
56.7575,56.947498,56.41,56.7575,55.840729,74770400
56.982498,57.610001,56.825001,57.522499,56.593376,113013600
58.237499,59.41,58.077499,59.052502,58.098663,166795600
58.724998,59.532501,58.6675,58.967499,58.015038,96427600
59.0975,59.412498,58.720001,58.830002,57.879757,87360000
58.342499,58.810001,58.299999,58.592499,57.646091,73903200
58.772499,59.037498,58.380001,58.82,57.869923,67585200
58.647499,59.395,58.572498,59.102501,58.147858,97433600
59.380001,60.247501,59.330002,60.127499,59.1563,87247200
60.290001,60.549999,59.904999,59.990002,59.021023,82293600
60.525002,60.810001,60.305,60.794998,59.813023,75828800
61.127499,61.200001,60.452499,60.895,59.911404,69275200
60.790001,61.682499,60.720001,61.645,60.649284,73477200
61.855,62.3125,61.68,62.262501,61.256817,96572800
62.2425,62.4375,60.642502,60.822498,59.840073,142839600
61.189999,61.325001,60.302502,60.814999,59.832699,124522000
61.810001,62.2925,59.314999,62.189999,61.185486,139162000
62.384998,63.982498,62.290001,63.955002,62.921982,151125200
64.332497,64.462502,63.845001,64.375,63.335197,103272000
64.262497,64.547501,64.080002,64.282501,63.24419,79897600
64.192497,64.372498,63.842499,64.309998,63.271233,75864400
64.684998,65.087502,64.527496,64.857498,64.001472,94940400
64.672501,65.110001,64.212502,65.035004,64.176636,69986400
64.574997,65.6175,64.57,65.550003,64.684837,81821200
65.387497,65.697502,65.230003,65.489998,64.625618,87388800
65.282501,66.195,65.267502,66.1175,65.24485,102734400
65.9375,66.220001,65.525002,65.660004,64.793388,89182800
65.919998,66.445,65.752502,66.440002,65.563095,100206400
66.449997,66.857498,66.057503,66.775002,65.893669,86703200
66.974998,67,66.347504,66.572502,65.69384,76167200
66.385002,66.519997,65.099998,65.797501,64.92907,106234400
65.922501,66.002502,65.294998,65.502502,64.63797,121395200
65.647499,65.794998,65.209999,65.445,64.581215,65325200
65.677498,66.610001,65.629997,66.592499,65.713577,84020400
66.735001,66.790001,65.625,66.072502,65.200439,105207600
66.394997,66.995003,66.327499,66.959999,66.076233,65235600
66.650002,67,66.474998,66.8125,65.930679,46617600
66.817497,67.0625,65.862503,66.040001,65.168373,94487200
64.577499,64.8825,64.072502,64.862503,64.006409,114430400
65.267502,65.827499,65.169998,65.434998,64.571358,67181600
65.947502,66.472504,65.682503,66.394997,65.518677,74424400
66.870003,67.75,66.824997,67.677498,66.784248,106075600
67.5,67.699997,66.227501,66.730003,65.849258,128042400
67.150002,67.517502,66.464996,67.120003,66.234108,90420400
67.202499,67.775002,67.125,67.692497,66.799057,78756800
66.945,68.139999,66.830002,67.864998,66.969284,137310400
67.864998,68.824997,67.732498,68.787498,67.879608,133587600
69.25,70.197502,69.245003,69.964996,69.041557,128186000
69.892502,70.442497,69.699997,70.102501,69.177254,114158400
69.949997,70.474998,69.779999,69.934998,69.011948,116028400
69.875,70.294998,69.737503,70.004997,69.081039,98369200
70.557503,70.662498,69.639999,69.860001,68.937943,275978000
70.1325,71.0625,70.092499,71,70.062897,98572000
71.172501,71.222504,70.730003,71.067497,70.129509,48478800
71.205002,72.495003,71.175003,72.477501,71.520905,93121200
72.779999,73.4925,72.029999,72.449997,71.493767,146266000
72.364998,73.172501,71.305,72.879997,71.918083,144114400
72.482498,73.419998,72.379997,73.412498,72.443558,100805600
74.059998,75.150002,73.797501,75.087502,74.096466,135480400
74.287498,75.144997,74.125,74.357498,73.376083,146322800
73.447502,74.989998,73.1875,74.949997,73.960754,118387200
74.959999,75.224998,74.370003,74.597504,73.612923,108872000
74.290001,76.110001,74.290001,75.797501,74.797081,132079200
76.809998,77.607498,76.550003,77.407501,76.385834,170108400
77.650002,78.167503,77.0625,77.582497,76.558533,140644800
77.910004,79.267502,77.787498,79.239998,78.194145,121532000
79.175003,79.392502,78.042503,78.169998,77.138275,161954400
77.962502,78.875,77.387497,77.834999,76.807693,121923600
78.397499,78.925003,78.022499,78.809998,77.769821,108829200
79.067497,79.684998,78.75,79.682503,78.630814,137816400
79.297501,79.754997,79,79.142502,78.097939,110843200
79.644997,79.997498,79.327499,79.425003,78.376709,101832400
79.480003,79.889999,78.912498,79.807503,78.754166,104472000
80.0625,80.832497,79.379997,79.577499,78.527184,146537600
77.514999,77.942497,76.220001,77.237503,76.218079,161940000
78.150002,79.599998,78.047501,79.422501,78.374229,162234000
81.112503,81.962502,80.345001,81.084999,80.014793,216229200
80.135002,81.022499,79.6875,80.967499,79.898849,126743200
80.232498,80.669998,77.072502,77.377502,76.356232,199588400
76.074997,78.372498,75.555,77.165001,76.146538,173788400
78.827499,79.910004,78.407501,79.712502,78.660408,136616400
80.879997,81.190002,79.737503,80.362503,79.301834,118826800
80.642502,81.305,80.065002,81.302498,80.229431,105425600
80.592499,80.849998,79.5,80.0075,79.138885,117684000
78.544998,80.387497,78.462502,80.387497,79.514763,109348800
80.900002,80.974998,79.677498,79.902496,79.035019,94323200
80.3675,81.805,80.3675,81.800003,80.911934,113730400
81.047501,81.555,80.837502,81.217499,80.335762,94747600
81.184998,81.495003,80.712502,81.237503,80.355537,80113600
78.839996,79.9375,78.652496,79.75,78.884186,152531200
80,81.142502,80,80.904999,80.026649,93984000
80.657501,81.162498,79.552498,80.074997,79.205658,100566000
79.654999,80.112503,77.625,78.262497,77.412842,129554000
74.315002,76.044998,72.307503,74.544998,73.735695,222195200
75.237503,75.6325,71.532501,72.019997,71.238113,230673600
71.6325,74.470001,71.625,73.162498,72.368202,198054800
70.275002,71.5,68.239998,68.379997,67.637619,320605600
64.315002,69.602501,64.092499,68.339996,67.598061,426510000
70.57,75.360001,69.43,74.702499,73.891479,341397200
75.917503,76,71.449997,72.330002,71.544739,319475600
74.110001,75.849998,73.282501,75.684998,74.863319,219178400
73.879997,74.887497,72.852501,73.230003,72.434967,187572800
70.5,72.705002,70.307503,72.2575,71.473038,226176800
65.9375,69.522499,65.75,66.542503,65.820076,286744800
69.285004,71.610001,67.342499,71.334999,70.560539,285290000
69.347504,70.305,67.964996,68.857498,68.10994,255598800
63.985001,67.5,62,62.057499,61.383766,418474000
66.222504,69.980003,63.237499,69.4925,68.738052,370732000
60.487499,64.769997,60,60.552502,59.895115,322423600
61.877499,64.402496,59.599998,63.215,62.528702,324056000
59.942501,62.5,59.279999,61.6675,60.997997,300233600
61.8475,63.209999,60.6525,61.195,60.530632,271857200
61.794998,62.9575,57,57.310001,56.687809,401693200
57.02,57.125,53.1525,56.092499,55.483528,336752800
59.09,61.922501,58.575001,61.720001,61.049934,287531200
62.6875,64.5625,61.075001,61.380001,60.713623,303602000
61.630001,64.669998,61.59,64.610001,63.908566,252087200
63.1875,63.967499,61.762501,61.935001,61.2626,204216800
62.685001,63.880001,62.349998,63.702499,63.010906,167976400
63.900002,65.622498,63,63.572498,62.882324,197002000
61.625,62.18,59.782501,60.227501,59.573635,176218400
60.084999,61.287498,59.224998,61.232498,60.567722,165934000
60.700001,61.424999,59.7425,60.352501,59.697281,129880000
62.724998,65.777496,62.345001,65.6175,64.905121,201820400
67.699997,67.925003,64.75,64.857498,64.153366,202887200
65.684998,66.842499,65.307503,66.517502,65.795349,168895200
67.175003,67.517502,66.175003,66.997498,66.270126,161834800
67.077499,68.425003,66.457497,68.3125,67.570862,131022800
70,72.0625,69.512497,71.762497,70.983398,194994800
70.599998,71.582497,70.157501,71.107498,70.33551,131154400
71.845001,72.050003,70.587502,71.672501,70.894386,157125200
71.172501,71.737503,69.214996,70.699997,69.932434,215250000
69.487503,70.419998,69.212502,69.232498,68.480873,130015200
69.07,69.3125,66.357498,67.092499,66.364098,180991600
68.402496,69.474998,68.050003,69.025002,68.275627,116862400
68.967499,70.4375,68.717499,68.7575,68.011032,124814400
69.300003,70.752502,69.25,70.7425,69.97448,126161200
70.449997,71.135002,69.987503,70.792503,70.023933,117087600
71.269997,71.457497,69.550003,69.644997,68.888885,112004800
71.182503,72.417503,70.972504,71.932503,71.15155,137280800
72.489998,73.6325,72.087502,73.449997,72.65258,183064000
71.5625,74.75,71.462502,72.267502,71.482918,240616800
72.292503,73.422501,71.580002,73.290001,72.494331,133568000
73.764999,75.25,73.614998,74.389999,73.582382,147751200
75.114998,75.809998,74.717499,75.157501,74.341545,142333600
75.805,76.292503,75.4925,75.934998,75.110603,115215200
76.410004,77.587502,76.072502,77.532501,76.898369,133838400
77.025002,79.262497,76.809998,78.752502,78.108383,145946400
79.457497,79.922501,77.727501,77.852501,77.215752,162301200
78.037498,78.987503,75.802498,76.912498,76.283432,200622400
76.127502,77.447502,75.3825,77.385002,76.752068,158929200
75.087502,76.974998,75.052498,76.927498,76.298317,166348400
78.292503,79.125,77.580002,78.739998,78.095985,135178400
78.7575,79.629997,78.252502,78.285004,77.644714,101729600
79.169998,79.879997,79.129997,79.807503,79.15477,111504800
79.665001,80.222504,78.967499,79.212502,78.564621,102688800
78.942497,79.807503,78.837502,79.722504,79.070457,81803200
80.875,81.059998,79.125,79.182503,78.534866,125522000
79.035004,79.677498,78.272499,79.527496,78.877045,112945200
79.192497,80.860001,78.907501,79.5625,78.911758,133560800
79.8125,80.287498,79.1175,79.485001,78.8349,153532400
79.4375,80.587502,79.302498,80.462502,79.804398,80791200
80.1875,80.860001,79.732498,80.834999,80.173851,87642800
81.165001,81.550003,80.574997,81.279999,80.615204,104491200
81.097504,81.404999,80.195,80.580002,79.920929,87560400
80.837502,82.9375,80.807503,82.875,82.197174,137250400
82.5625,83.400002,81.830002,83.364998,82.683159,95654400
83.035004,86.402496,83.002502,85.997498,85.294113,147712400
86.974998,88.692497,86.522499,88.209999,87.488525,166651600
87.327499,87.764999,83.870003,83.974998,83.288162,201662400
86.18,86.949997,83.555,84.699997,84.007233,200146000
83.3125,86.419998,83.144997,85.747498,85.046165,138808800
87.864998,88.300003,86.18,88.019997,87.300087,165428800
88.787498,88.849998,87.772499,87.897499,87.178589,114406400
87.852501,88.362503,87.305,87.932503,87.21331,96820400
88.660004,89.139999,86.287498,87.43,86.714905,264476000
87.834999,89.864998,87.787498,89.717499,88.983696,135445200
91,93.095001,90.567497,91.6325,90.883034,212155600
91.25,92.197502,89.629997,90.014999,89.278763,192623200
90.175003,91.25,89.392502,91.209999,90.463997,137522400
91.102501,91.330002,88.254997,88.407501,87.684418,205256800
88.3125,90.542503,87.82,90.445,89.705254,130646000
90.019997,91.495003,90,91.199997,90.454071,140223200
91.279999,91.839996,90.977501,91.027496,90.282982,110737200
91.962502,92.6175,90.910004,91.027496,90.282982,114041600
92.5,93.945,92.467499,93.462502,92.698074,118655600
93.852501,94.654999,93.057503,93.172501,92.410446,112424400
94.18,95.375,94.089996,95.342499,94.562691,117092000
96.262497,96.317497,94.672501,95.752502,94.969337,125642800
95.334999,95.980003,94.705002,95.919998,95.135468,90257200
97.264999,99.955002,95.2575,95.477501,94.696587,191649200
94.839996,97.254997,93.877502,97.057503,96.263672,170989200
98.989998,99.247498,96.489998,97.724998,96.925705,153198000
96.5625,97.404999,95.904999,96.522499,95.73304,110577600
96.987503,97.147499,95.839996,96.327499,95.539635,92186800
96.417503,98.5,96.0625,98.357498,97.553032,90318000
99.172501,99.25,96.7425,97,96.206642,103433200
96.692497,97.974998,96.602501,97.272499,96.476921,89001600
96.997498,97.077499,92.010002,92.845001,92.085625,197004400
90.987503,92.970001,89.144997,92.614998,91.857498,185438800
93.709999,94.904999,93.480003,94.809998,94.034546,121214000
94.3675,94.550003,93.247498,93.252502,92.489784,103625600
93.75,95.230003,93.712502,95.040001,94.262672,90329200
94.1875,96.297501,93.767502,96.190002,95.403259,158130000
102.885002,106.415001,100.824997,106.260002,105.3909,374336800
108.199997,111.637497,107.892502,108.9375,108.046501,308151200
109.1325,110.790001,108.387497,109.665001,108.768051,173071600
109.377502,110.392502,108.897499,110.0625,109.162292,121776800
110.404999,114.412498,109.797501,113.902496,112.970901,202428800
113.205002,113.675003,110.292503,111.112503,110.402412,198045600
112.599998,113.775002,110,112.727501,112.007095,212403600
111.970001,112.482498,109.107498,109.375,108.676018,187902400
110.497498,113.275002,110.297501,113.010002,112.287781,165598000
114.43,116.042503,113.927498,115.010002,114.275002,210082000
114.830002,115,113.044998,114.907501,114.173157,165565200
116.0625,116.087502,113.962502,114.607498,113.875076,119561600
114.352501,116,114.0075,115.5625,114.823975,105633600
115.982498,117.162498,115.610001,115.707497,114.96804,145538000
115.75,118.392502,115.732498,118.275002,117.519142,126907200
119.262497,124.8675,119.25,124.370003,123.575188,338054800
128.697495,128.785004,123.9375,125.857498,125.053185,345937600
124.697502,125.18,123.052498,124.824997,124.027283,211495600
126.18,126.9925,125.082497,126.522499,125.713928,163022400
127.142502,127.485001,123.832497,125.010002,124.211098,155552400
126.012497,126.442497,124.577499,124.807503,124.009888,187630000
127.580002,131,126,129.039993,128.215332,225702700
132.759995,134.800003,130.529999,134.179993,133.322495,151948100
137.589996,137.979996,127,131.399994,130.560257,200119000
126.910004,128.839996,120.5,120.879997,120.107491,257599600
120.07,123.699997,110.889999,120.959999,120.186974,332607200
113.949997,118.989998,112.68,112.82,112.098999,231366600
117.260002,119.139999,115.260002,117.32,116.570244,176940500
120.360001,120.5,112.5,113.489998,112.764717,182274400
114.57,115.230003,110,112,111.284233,180860300
114.720001,115.93,112.800003,115.360001,114.622772,140150100
118.330002,118.830002,113.610001,115.540001,114.80162,184642000
115.230003,116,112.040001,112.129997,111.413414,154679000
109.720001,112.199997,108.709999,110.339996,109.63485,178011000
110.400002,110.879997,106.089996,106.839996,106.157211,287104900
104.540001,110.190002,103.099998,110.080002,109.376511,195713800
112.68,112.860001,109.160004,111.809998,111.095459,183055400
111.620003,112.110001,106.769997,107.120003,106.435425,150718700
105.169998,110.25,105,108.220001,107.528397,167743300
108.43,112.440002,107.669998,112.279999,111.562439,149981400
115.010002,115.32,112.779999,114.959999,114.225319,137672400
114.550003,115.309998,113.57,114.089996,113.360893,99382200
113.790001,117.260002,113.620003,115.809998,115.069885,142675200
117.639999,117.720001,115.830002,116.790001,116.043625,116120400
112.889999,115.370003,112.220001,113.019997,112.297714,144712000
113.910004,116.650002,113.550003,116.5,115.755486,106243800
115.699997,116.120003,112.25,113.160004,112.436829,161498200
114.620003,115.550003,114.129997,115.080002,114.344559,96849000
116.25,116.400002,114.589996,114.970001,114.23526,83477200
115.279999,117,114.919998,116.970001,116.222473,100506900
120.059998,125.18,119.279999,124.400002,123.604996,240226800
125.269997,125.389999,119.650002,121.099998,120.32608,262330500
121,123.029999,119.620003,121.190002,120.415504,150712000
118.720001,121.199997,118.150002,120.709999,119.938568,112559200
121.279999,121.550003,118.809998,119.019997,118.259369,115393800
119.959999,120.419998,115.660004,115.980003,115.238808,120639300
116.199997,118.980003,115.629997,117.510002,116.759033,124423700
116.669998,118.709999,116.449997,116.870003,116.123123,89946000
117.449997,118.040001,114.589996,115.75,115.010277,101988000
116.389999,116.550003,114.279999,115.040001,114.30481,82572600
114.010002,116.550003,112.879997,115.050003,114.314743,111850700
115.489998,117.279999,114.540001,116.599998,115.854843,92276800
115.050003,115.43,111.099998,111.199997,110.489349,143937800
112.370003,116.93,112.199997,115.32,114.583023,146129200
111.059998,111.989998,107.720001,108.860001,108.164307,190272600
109.110001,110.68,107.32,108.769997,108.074883,122866900
109.660004,111.489998,108.730003,110.440002,109.734215,107624400
114.139999,115.589996,112.349998,114.949997,114.215385,138235500
117.949997,119.620003,116.870003,119.029999,118.269318,126387100
118.32,119.199997,116.129997,118.690002,118.134956,114457900
120.5,121.989998,116.050003,116.32,115.776031,154515300
115.550003,117.589996,114.129997,115.970001,115.427666,138023400
117.190002,119.629997,116.440002,119.489998,118.931206,112295000
119.620003,120.529999,118.57,119.209999,118.652512,103162300
119.440002,119.669998,117.870003,119.260002,118.702286,81581900
118.919998,120.989998,118.150002,120.300003,119.737419,91183000
119.550003,120.669998,118.959999,119.389999,118.831665,74271000
118.610001,119.82,118,118.029999,117.478027,76322100
117.589996,119.059998,116.809998,118.639999,118.085182,74113000
118.639999,118.769997,117.290001,117.339996,116.791252,73604300
117.18,117.620003,113.75,113.849998,113.317581,127959300
113.910004,115.849998,112.589996,115.169998,114.631409,113874200
115.550003,116.75,115.169998,116.029999,115.487381,76499200
116.57,117.489998,116.220001,116.589996,116.044762,46691300
116.970001,120.970001,116.809998,119.050003,118.493271,169410200
121.010002,123.470001,120.010002,122.720001,122.146095,127728200
122.019997,123.370003,120.889999,123.080002,122.504417,89004200
123.519997,123.779999,122.209999,122.940002,122.365074,78967600
122.599998,122.860001,121.519997,122.25,121.678299,78260400
122.309998,124.57,122.25,123.75,123.17128,86712000
124.370003,124.980003,123.089996,124.379997,123.79834,82225500
124.529999,125.949997,121,121.779999,121.210495,115089200
120.5,123.870003,120.150002,123.239998,122.663666,81312200
122.43,122.760002,120.550003,122.410004,121.837555,86939800
122.599998,123.349998,121.540001,121.779999,121.210495,79184500
124.339996,127.900002,124.129997,127.879997,127.281967,157243700
127.410004,128.369995,126.559998,127.809998,127.212296,98208600
128.899994,129.580002,128.039993,128.699997,128.098129,94359800
128.960007,129.100006,126.120003,126.660004,126.06768,192541500
125.019997,128.309998,123.449997,128.229996,127.630333,121251600
131.610001,134.410004,129.649994,131.880005,131.26326,168904800
132.160004,132.429993,130.779999,130.960007,130.347565,88223700
131.320007,133.460007,131.100006,131.970001,131.352829,54930100
133.990005,137.339996,133.509995,136.690002,136.050781,124486200
138.050003,138.789993,134.339996,134.869995,134.239273,121047300
135.580002,135.990005,133.399994,133.720001,133.094666,96452100
134.080002,134.740005,131.720001,132.690002,132.069473,99116600
133.520004,133.610001,126.760002,129.410004,128.80481,143301900
128.889999,131.740005,128.429993,131.009995,130.397324,97664900
127.720001,131.050003,126.379997,126.599998,126.007957,155088000
128.360001,131.630005,127.860001,130.919998,130.307755,109578200
132.429993,132.630005,130.229996,132.050003,131.432465,105158200
129.190002,130.169998,128.5,128.979996,128.376816,100384500
128.5,129.690002,126.860001,128.800003,128.197662,91951100
128.759995,131.449997,128.490005,130.889999,130.277893,88636800
130.800003,131,128.759995,128.910004,128.307159,90221800
128.779999,130.220001,127,127.139999,126.545425,111598500
127.779999,128.710007,126.940002,127.830002,127.232201,90757300
128.660004,132.490005,128.550003,132.029999,131.412567,104319500
133.800003,139.669998,133.589996,136.869995,136.229935,120150900
136.279999,139.850006,135.020004,139.070007,138.419632,114459400
143.070007,145.089996,136.539993,142.919998,142.251633,157611700
143.600006,144.300003,141.369995,143.160004,142.490524,98390600
143.429993,144.300003,140.410004,142.059998,141.39566,140843800
139.520004,141.990005,136.699997,137.089996,136.448883,142621100
135.830002,136.740005,130.210007,131.960007,131.34288,177523800
133.75,135.380005,130.929993,134.139999,133.512695,106239800
135.729996,136.309998,134.610001,134.990005,134.358719,83305400
135.759995,135.770004,133.610001,133.940002,133.313629,89880900
136.300003,137.399994,134.589996,137.389999,136.747498,84183100
137.350006,137.419998,135.860001,136.759995,136.323853,75693800
136.029999,136.960007,134.919998,136.910004,136.473373,71297200
136.619995,137.880005,135.850006,136.009995,135.576233,76774200
136.479996,136.990005,134.399994,135.389999,134.958221,73046600
135.899994,136.389999,133.770004,135.130005,134.699051,64280000
134.350006,135.529999,133.690002,135.369995,134.938278,60145100
135.490005,136.009995,132.789993,133.190002,132.765244,80576300
131.25,132.220001,129.470001,130.839996,130.422729,97918500
129.199997,130,127.410004,129.710007,129.296341,96856700
130.240005,130.710007,128.800003,129.869995,129.455811,87668800
128.009995,129.720001,125.599998,126,125.59816,103916400
123.760002,126.709999,118.389999,125.860001,125.458611,158273000
124.940002,125.559998,122.230003,125.349998,124.950241,111039900
124.68,126.459999,120.540001,120.989998,120.604141,148199500
122.589996,124.849998,121.199997,121.260002,120.873283,164560400
123.75,127.93,122.790001,127.790001,127.382454,116307900
128.410004,128.720001,125.010002,125.120003,124.720978,102260900
124.809998,125.709999,121.839996,122.059998,121.670731,112966300
121.75,123.599998,118.620003,120.129997,119.74688,178155000
120.980003,121.940002,117.57,121.419998,121.032768,153766600
120.93,121,116.209999,116.360001,115.988907,154376600
119.029999,122.059998,118.790001,121.089996,120.703819,129525800
121.690002,122.169998,119.449997,119.980003,119.597366,111943300
122.540001,123.209999,121.260002,121.959999,121.571045,103026500
120.400002,121.169998,119.160004,121.029999,120.644012,88105100
121.410004,124,120.419998,123.989998,123.594566,92403800
125.699997,127.220001,124.720001,125.57,125.169533,115227900
124.050003,125.860001,122.339996,124.760002,124.362122,111932600
122.879997,123.18,120.32,120.529999,120.145607,121229700
119.900002,121.43,119.68,119.989998,119.60733,185549500
120.330002,123.870003,120.260002,123.389999,122.99649,111912300
123.330002,124.239998,122.139999,122.540001,122.1492,95467100
122.82,122.900002,120.07,120.089996,119.707008,88530500
119.540001,121.660004,119,120.589996,120.205414,98844700
120.349998,121.480003,118.919998,121.209999,120.823433,94071200
121.650002,122.580002,120.730003,121.389999,121.002861,80819200
120.110001,120.400002,118.860001,119.900002,119.517616,85671900
121.650002,123.519997,121.150002,122.150002,121.760445,118323800
123.660004,124.18,122.489998,123,122.607727,75089100
123.870003,126.160004,123.07,125.900002,125.498489,88651200
126.5,127.129997,125.650002,126.209999,125.807495,80171300
125.830002,127.919998,125.139999,127.900002,127.492111,83466700
128.949997,130.389999,128.520004,130.360001,129.94426,88844600
129.800003,133.039993,129.470001,133,132.575836,106686700
132.520004,132.850006,130.630005,131.240005,130.821457,91420000
132.440002,134.660004,131.929993,134.429993,134.001266,91266500
134.940002,135,131.660004,132.029999,131.608932,87222800
133.820007,135,133.639999,134.5,134.07106,89347100
134.300003,134.669998,133.279999,134.160004,133.732147,84922400
133.509995,135.470001,133.339996,134.839996,134.409973,94264200
135.020004,135.529999,131.809998,133.110001,132.685501,94812300
132.360001,133.75,131.300003,133.5,133.074234,68847100
133.039993,134.149994,131.410004,131.940002,131.519226,84566500
132.160004,135.119995,132.160004,134.320007,133.891632,78657500
134.830002,135.059998,133.559998,134.720001,134.290359,66905100
135.009995,135.410004,134.110001,134.389999,133.961411,66015800
134.309998,135.020004,133.080002,133.580002,133.153992,107760100
136.470001,137.070007,132.449997,133.479996,133.054306,151101000
131.779999,133.559998,131.070007,131.460007,131.040756,109839500
132.039993,134.070007,131.830002,132.539993,132.117294,75135100
131.190002,131.490005,126.699997,127.849998,127.442261,137564700
129.199997,130.449997,127.970001,128.100006,127.691467,84000900
127.889999,129.75,127.129997,129.740005,129.326248,78128300
130.850006,131.259995,129.479996,130.210007,130.015213,78973300
129.410004,129.539993,126.809998,126.849998,126.660225,88071200
123.5,126.269997,122.769997,125.910004,125.721642,126142800
123.400002,124.639999,122.25,122.769997,122.586334,112172300
124.580002,126.150002,124.260002,124.970001,124.783043,105861300
126.25,127.889999,125.849998,127.449997,127.259331,81918000
126.82,126.93,125.169998,126.269997,126.081093,74244600
126.559998,126.989998,124.779999,124.849998,124.663223,63342900
123.160004,124.919998,122.860001,124.690002,124.503464,92612000
125.230003,127.720001,125.099998,127.309998,127.119537,76857100
127.82,128,125.209999,125.43,125.242355,79295400
126.010002,127.940002,125.940002,127.099998,126.909851,63092900
127.82,128.320007,126.32,126.900002,126.710159,72009500
126.959999,127.389999,126.419998,126.849998,126.660225,56575900
126.440002,127.639999,125.080002,125.279999,125.092575,94625600
125.57,125.800003,124.550003,124.610001,124.423584,71311100
125.080002,125.349998,123.940002,124.279999,124.09407,67637100
124.279999,125.239998,124.050003,125.059998,124.872902,59278900
124.68,124.849998,123.129997,123.540001,123.355186,76229200
124.07,126.160004,123.849998,125.889999,125.701668,75169300
126.169998,126.32,124.830002,125.900002,125.711655,71057600
126.599998,128.460007,126.209999,126.739998,126.550392,74403800
127.209999,127.75,126.519997,127.129997,126.939812,56877900
127.019997,128.190002,125.940002,126.110001,125.921341,71186400
126.529999,127.440002,126.099998,127.349998,127.159477,53522400
127.82,130.539993,127.07,130.479996,130.28479,96906500
129.940002,130.600006,129.389999,129.639999,129.44606,62746300
130.369995,130.889999,128.460007,130.149994,129.955292,91815000
129.800003,132.550003,129.649994,131.789993,131.592834,96721700
130.710007,131.509995,130.240005,130.460007,130.264832,108953300
130.300003,132.410004,129.210007,132.300003,132.102081,79663300
132.130005,134.080002,131.619995,133.979996,133.779556,74783600
133.770004,134.320007,133.229996,133.699997,133.499985,60214200
134.449997,134.639999,132.929993,133.410004,133.210419,68711000
133.460007,133.889999,132.809998,133.110001,132.910873,70783700
133.410004,135.25,133.350006,134.779999,134.578369,62111300
134.800003,136.490005,134.350006,136.330002,136.126053,64556100
136.169998,137.410004,135.869995,136.960007,136.755112,63261400
136.600006,137.330002,135.759995,137.270004,137.064651,52485800
137.899994,140,137.75,139.960007,139.750626,78852600
140.070007,143.149994,140.070007,142.020004,141.807541,108181800
143.539993,144.889999,142.660004,144.570007,144.353729,104911600
141.580002,144.059998,140.669998,143.240005,143.025711,105575500
142.75,145.649994,142.649994,145.110001,144.892914,99890800
146.210007,146.320007,144,144.5,144.283829,76299700
144.029999,147.460007,143.630005,145.639999,145.422119,100827100
148.100006,149.570007,147.679993,149.149994,148.926865,127050800
149.240005,150,147.089996,148.479996,148.257874,106820300
148.460007,149.759995,145.880005,146.389999,146.17099,93251400
143.75,144.070007,141.669998,142.449997,142.236893,121434600
143.460007,147.100006,142.960007,146.149994,145.931351,96350000
145.529999,146.130005,144.630005,145.399994,145.18248,74993500
145.940002,148.199997,145.809998,146.800003,146.580383,77338200
147.550003,148.720001,146.919998,148.559998,148.337753,71447400
148.270004,149.830002,147.699997,148.990005,148.76712,72434100
149.119995,149.210007,145.550003,146.770004,146.55043,104818600
144.809998,146.970001,142.539993,144.979996,144.763107,118931200
144.690002,146.550003,144.580002,145.639999,145.422119,56699500
144.380005,146.330002,144.110001,145.860001,145.641785,70382000
146.360001,146.949997,145.25,145.520004,145.302307,62880000
145.809998,148.039993,145.179993,147.360001,147.139542,64786600
147.270004,147.789993,146.279999,146.949997,146.730164,56368300
146.979996,147.839996,146.169998,147.059998,146.839996,46397700
146.350006,147.110001,145.630005,146.139999,146.139999,54067400
146.199997,146.699997,145.520004,146.089996,146.089996,48908700
146.440002,147.710007,145.300003,145.600006,145.600006,69023100
146.050003,146.720001,145.529999,145.860001,145.860001,48493500
146.190002,149.050003,145.839996,148.889999,148.889999,72282600
148.970001,149.440002,148.270004,149.100006,149.100006,59318800
148.539993,151.190002,146.470001,151.119995,151.119995,103296000
150.229996,151.679993,149.089996,150.190002,150.190002,92229700
149.800003,150.720001,146.149994,146.360001,146.360001,86326000
145.029999,148,144.5,146.699997,146.699997,86960300
147.440002,148.5,146.779999,148.190002,148.190002,59947400
148.309998,150.190002,147.889999,149.710007,149.710007,60131800
149.449997,150.860001,149.149994,149.619995,149.619995,48606400
149.809998,150.320007,147.800003,148.360001,148.360001,58991300
148.350006,149.119995,147.509995,147.539993,147.539993,48597200
147.479996,148.75,146.830002,148.600006,148.600006,55721500
149,153.490005,148.610001,153.119995,153.119995,90956700
152.660004,152.800003,151.289993,151.830002,151.830002,86453100
152.830002,154.979996,152.339996,152.509995,152.509995,80313700
153.869995,154.720001,152.399994,153.649994,153.649994,71115500
153.759995,154.630005,153.089996,154.300003,154.300003,57808700
154.970001,157.259995,154.389999,156.690002,156.690002,82278300
156.979996,157.039993,153.979996,155.110001,155.110001,74420200
155.490005,156.110001,153.949997,154.070007,154.070007,57305700
155,155.479996,148.699997,148.970001,148.970001,140646400
150.630005,151.419998,148.75,149.550003,149.550003,102404300
150.350006,151.070007,146.910004,148.119995,148.119995,109296300
148.559998,149.440002,146.369995,149.029999,149.029999,83281300
148.440002,148.970001,147.220001,148.789993,148.789993,68034100
148.820007,148.820007,145.759995,146.059998,146.059998,129868800
143.800003,144.839996,141.270004,142.940002,142.940002,123478900
143.929993,144.600006,142.779999,143.429993,143.429993,75834000
144.449997,146.429993,143.699997,145.850006,145.850006,76404300
146.649994,147.080002,145.639999,146.830002,146.830002,64838200
145.660004,147.470001,145.559998,146.919998,146.919998,53477900
145.470001,145.960007,143.820007,145.369995,145.369995,74150700
143.25,144.75,141.690002,141.910004,141.910004,108972300
142.470001,144.449997,142.029999,142.830002,142.830002,74602000
143.660004,144.380005,141.279999,141.5,141.5,88934200
141.899994,142.919998,139.110001,142.649994,142.649994,94639600
141.759995,142.210007,138.270004,139.139999,139.139999,98322000
139.490005,142.240005,139.360001,141.110001,141.110001,80861100
139.470001,142.149994,138.369995,142,142,83221100
143.059998,144.220001,142.720001,143.289993,143.289993,61732700
144.029999,144.179993,142.559998,142.899994,142.899994,58718700
142.270004,144.809998,141.809998,142.809998,142.809998,64452200
143.229996,143.25,141.039993,141.509995,141.509995,73035900
141.240005,141.399994,139.199997,140.910004,140.910004,78762700
142.110001,143.880005,141.509995,143.759995,143.759995,69907100
143.770004,144.899994,143.509995,144.839996,144.839996,67885200
143.449997,146.839996,143.160004,146.550003,146.550003,85589200
147.009995,149.169998,146.550003,148.759995,148.759995,76378900
148.699997,149.75,148.119995,149.259995,149.259995,58418800
148.809998,149.639999,147.869995,149.479996,149.479996,61421000
149.690002,150.179993,148.639999,148.690002,148.690002,58839600
